424694,Bohemian Rhapsody
480530,Creed II
568709,Preman Pensiun
450465,Glass
332562,A Star Is Born
504172,The Mule
446807,The Girl in the Spider's Web
405774,Bird Box
369972,First Man
505954,T-34
401469,Widows
429197,Vice
426426,Roma
375262,The Favourite
337167,Fifty Shades Freed
483906,Polar
489999,Searching
433249,IO
487558,BlacKkKlansman
484247,A Simple Favor
451915,Beautiful Boy
446021,Bad Times at the El Royale
490132,Green Book
440626,Sobibor
157336,Interstellar
340613,The Wife
449459,The Vanishing
398173,The House That Jack Built
462391,Aan Devathai
452832,Serenity
438808,White Boy Rick
399360,Alpha
447332,A Quiet Place
8966,Twilight
210577,Gone Girl
400535,Sicario: Day of the Soldado
281957,The Revenant
458594,Peppermint
272,Batman Begins
315635,Spider-Man: Homecoming
537996,The Ballad of Buster Scruggs
242582,Nightcrawler
470044,The Hate U Give
491622,Manikarnika
407436,Mowgli: Legend of the Jungle
155,The Dark Knight
440161,The Sisters Brothers
244786,Whiplash
49026,The Dark Knight Rises
554733,Orang Kaya Baru
68718,Django Unchained
401847,Can You Ever Forgive Me?
520360,King of Thieves
507076,Climax
263115,Logan
119450,Dawn of the Planet of the Apes
443055,Love of My Life
455207,Crazy Rich Asians
399055,The Shape of Water
524348,The Report
500475,SuperFly
484297,Abe
504592,Divine Love
316029,The Greatest Showman
570910,Thackeray
216015,Fifty Shades of Grey
440472,The Upside
569547,Black Mirror: Bandersnatch
572680,Irupathiyonnaam Noottaandu
228150,Fury
483353,The Wolf Hour
522039,The Last Black Man in San Francisco
513111,To the Stars
565373,Koko-di Koko-da
194662,Birdman
565311,Imaginary Order
465914,If Beale Street Could Talk
16869,Inglourious Basterds
535308,Hala
510355,Share
205596,The Imitation Game
565340,Ms. Purple
361292,Suspiria
466411,Speed Kills
446101,Assassination Nation
489930,Blindspotting
196867,Annie
553622,Ai Uta: Yakusoku no Nakuhito
286217,The Martian
313369,La La Land
329865,Arrival
457136,Mary Queen of Scots
516716,Milly & Mamet
359940,Three Billboards Outside Ebbing, Missouri
542044,Day and Night
11324,Shutter Island
168259,Furious 7
512263,Honey Boy
150689,Cinderella
573653,Sheena667
472451,Boy Erased
564359,Fuck You! It's Christmas, Bitches!
18239,The Twilight Saga: New Moon
468362,The Angel
58595,Snow White and the Huntsman
454227,Outlaw King
49017,Dracula Untold
438145,Black '47
1124,The Prestige
65754,The Girl with the Dragon Tattoo
106646,The Wolf of Wall Street
555795,This Is Not Berlin
312221,Creed
503346,Occupation
50620,The Twilight Saga: Breaking Dawn - Part 2
429203,The Old Man & the Gun
553833,The Relative Worlds
345934,Air Strike
474354,22 July
500919,211
311291,45 Years
572944,Suburban Daydream
61791,Rise of the Planet of the Apes
440298,Cold War
449176,Love, Simon
17979,A Christmas Carol
564457,Verdi: Macbeth
458737,First Reformed
7485,Shooter
399905,Female War: A Nasty Deal
254128,San Andreas
374720,Dunkirk
454652,Colette
572869,Well Done
315837,Ghost in the Shell
261470,Sorry If I Call You Love
412862,Ratsasan
334541,Manchester by the Sea
433683,History of the First Kazakh Khans. The Diamond Sword
3432,Mr. Brooks
150540,Inside Out
281338,War for the Planet of the Apes
396371,Molly's Game
573738,A Political Movie
87827,Life of Pi
1422,The Departed
346685,The Girl on the Train
414919,Hart Beat
565341,The Sound of Silence
460071,Lizzie
492616,Luce
473019,The Souvenir
395834,Wind River
147441,Exodus: Gods and Kings
417261,Forever My Girl
334543,Lion
395990,Death Wish
340674,Dark Crimes
274479,Joy
334533,Captain Fantastic
324786,Hacksaw Ridge
120467,The Grand Budapest Hotel
398818,Call Me by Your Name
400617,Phantom Thread
23168,The Town
432301,Chappaquiddick
565307,Clemency
451925,Time Freak
392044,Murder on the Orient Express
514586,Photograph
296096,Me Before You
27022,The Sorcerer's Apprentice
429351,12 Strong
419407,Astral
339103,Gotti
53182,300: Rise of an Empire
486947,The Guilty
273481,Sicario
487670,The Death of Superman
278927,The Jungle Book
476292,Maquia: When the Promised Flower Blooms
77338,The Intouchables
302946,The Accountant
455980,Tag
24021,The Twilight Saga: Eclipse
1417,Pan's Labyrinth
419743,Disobedience
470229,Summer of 84
372058,Your Name.
273248,The Hateful Eight
391713,Lady Bird
390874,Ashes in the Snow
49047,Gravity
395841,Hold the Dark
112160,Sexual Chronicles of a French Family
1246,Rocky Balboa
45269,The King's Speech
37799,The Social Network
652,Troy
395992,Life
11036,The Notebook
335797,Sing
350,The Devil Wears Prada
201088,Blackhat
400579,Tully
346672,Underworld: Blood Wars
70,Million Dollar Baby
381341,Perfect Strangers
385360,Billionaire Boys Club
82693,Silver Linings Playbook
44214,Black Swan
205587,The Judge
124905,Godzilla
6977,No Country for Old Men
401905,Fahrenheit 451
6479,I Am Legend
64690,Drive
264660,Ex Machina
376867,Moonlight
512199,Native Son
516259,BEEF: Russian Hip-Hop
406997,Wonder
2567,The Aviator
339692,Shot Caller
419478,Midnight Sun
389015,I, Tonya
573501,Matt & Mou
472734,Dumplin'
83542,Cloud Atlas
505192,Shoplifters
474764,The Lodge
489925,Eighth Grade
470894,At First Light
489927,The Kindergarten Teacher
489931,American Animals
481117,The Brawler
419831,I Kill Giants
152601,Her
561,Constantine
146233,Prisoners
429417,Ghost Stories
1402,The Pursuit of Happyness
565386,The Last Tree
464502,Acrimony
254320,The Lobster
462919,Sierra Burgess Is a Loser
398181,You Were Never Really Here
76203,12 Years a Slave
258216,Nymphomaniac: Vol. I
502682,Book Club
154400,The Drop
506554,Judy and Punch
296098,Bridge of Spies
332567,The Shallows
433498,Papillon
527385,After the Wedding
437586,Mid90s
122906,About Time
536413,Junpei, Think Again
169917,A Walk Among the Tombstones
300671,13 Hours: The Secret Soldiers of Benghazi
406990,What Happened to Monday
9339,Click
459910,Braven
569891,Lavender
429415,Extinction
449924,Ip Man 4
395991,Only the Brave
787,Mr. & Mrs. Smith
365942,The Space Between Us
86829,Inside Llewyn Davis
448776,A Prayer Before Dawn
68734,Argo
295011,Patient Zero
72190,World War Z
17431,Moon
75780,Jack Reacher
222935,The Fault in Our Stars
283366,Miss Peregrine's Home for Peculiar Children
399404,Darkest Hour
82695,Les Mis√©rables
399170,Logan Lucky
381283,mother!
293863,The Age of Adaline
28178,Hachi: A Dog's Tale
249397,Nymphomaniac: Vol. II
489929,Destination Wedding
4922,The Curious Case of Benjamin Button
565377,Mope
517814,Capernaum
307081,Southpaw
385332,Terminal
414191,Our House
4982,American Gangster
530442,My Teacher, My Obsession
388,Inside Man
370663,Below Her Mouth
516630,The Standoff at Sparrow Creek
465136,Every Day
513340,Animals
220882,London Fields
44264,True Grit
4771,Gone Baby Gone
443463,Leave No Trace
244761,The Captive
339380,On the Basis of Sex
413362,Roman J. Israel, Esq.
446354,The Post
13223,Gran Torino
363676,Sully
333371,10 Cloverfield Lane
345920,Collateral Beauty
38,Eternal Sunshine of the Spotless Mind
12405,Slumdog Millionaire
9762,Step Up
1372,Blood Diamond
402298,Denial
171274,Inherent Vice
168672,American Hustle
1495,Kingdom of Heaven
296524,Deepwater Horizon
290595,The Huntsman: Winter's War
9509,Man on Fire
2502,The Bourne Supremacy
265208,Wild Card
381284,Hidden Figures
2503,The Bourne Ultimatum
13811,Knowing
62764,Mirror Mirror
301337,Downsizing
274857,King Arthur: Legend of the Sword
513574,Battle
293768,Kidnap
496328,Sanju
22907,Takers
85350,Boyhood
426613,The Miseducation of Cameron Post
290512,The Mountain Between Us
72570,The Vow
84892,The Perks of Being a Wallflower
472715,The Last Man
378064,A Silent Voice
8456,Never Back Down
388399,Patriots Day
517331,The Realm
490447,Savage
41233,Step Up 3D
425972,Cargo
9693,Children of Men
400928,Gifted
